Trial,B1,B2,B3,B4,B5,B6,B7,B8,B9,C1,C2,C3,C4,C5,C6,C7,C8,C9,C10,Total_Volume,Total_Mass,Internal_Energy,SEA
1,2.9573,2.9568,3.0075,3.0426,4.4714,4.4705,3.0387,2.9615,3.0173,3.0003,3.0021,2.9639,2.9737,2.9813,3.0183,2.9573,3.0461,79.1872,104.2378,1732726.12693562,4.69568780399553,253269.125,53936.5340226612
2,3.0155,2.9691,3.0147,2.9758,4.5434,4.5343,2.9779,2.9657,2.9614,2.9866,2.9734,3.0064,3.0164,2.9894,2.9926,3.0216,3.0093,80.7948,104.7424,1737601.50133821,4.70890006862656,2057490.375,436936.512776774
3,3.038,2.9663,3.047,2.9582,4.4852,4.4647,2.9547,2.9503,3.0126,3.0257,2.9766,2.974,3.0184,2.9854,2.9985,2.986,3.048,79.3128,104.4453,1732105.87018053,4.69400690818924,2046372.125,435954.22099398
4,3.0082,2.9669,2.9621,2.9694,4.5225,4.4625,2.978,3.0212,3.039,3.0151,2.954,3.0465,3.0221,3.0407,3.0064,3.0087,3.0423,80.7999,104.5559,1736637.52204335,4.70628768473747,1999056.375,424762.893582336
5,3.0057,3.0232,2.9606,2.9991,4.5305,4.5411,3.0488,3.0334,2.9913,2.9861,3.0473,3.0365,3.0431,3.022,3.0472,3.0113,2.9577,80.5685,105.875,1745244.64877932,4.72961299819195,2006502.5,424242.427608147
6,2.9881,3.0311,2.9546,2.9569,4.5126,4.4914,3.0143,3.0176,2.9757,2.9754,3.0301,2.9523,2.9917,3.0495,3.0423,2.9789,2.9543,80.7368,104.7843,1735851.24419816,4.70415687177702,0.0,0.0
7,2.989,2.9679,2.9692,3.0102,4.4763,4.5283,2.986,3.0265,3.0266,3.0234,3.0043,3.0379,2.9936,3.0438,2.992,2.9963,3.0244,80.2263,104.3064,1737930.75311602,4.70979234094442,0.0,0.0
8,3.037,3.0189,3.0157,2.9666,4.4665,4.5401,2.9983,3.039,3.0287,2.9949,2.996,3.0452,2.998,2.9816,3.0189,3.0264,3.0466,80.6918,105.1094,1744225.18555807,4.72685025286236,1997933.5,422677.553364451
9,3.0235,2.997,3.0433,2.9784,4.4703,4.549,3.032,2.9927,3.0002,2.9968,3.014,3.0062,2.9909,3.0045,3.009,3.0231,3.0049,80.9034,105.5871,1742746.77066285,4.72284374849631,1972566.5,417664.992755273
10,2.9716,2.9993,2.9714,3.0351,4.5213,4.4857,2.9926,2.9617,2.986,3.0157,3.0195,3.0315,2.9913,2.9793,2.9931,2.9927,2.9623,80.0498,104.1058,1734035.02865725,4.69923492766116,2028031.625,431566.341376631
11,2.9654,2.9703,2.9995,2.9654,4.5314,4.4728,3.006,2.9988,3.0308,3.0187,2.9507,2.9766,2.9745,2.9653,3.0422,3.0321,2.9827,80.301,104.0636,1735860.7520424,4.70418263803491,1992119.5,423478.349648468
12,3.0272,2.9738,3.0245,3.0489,4.4618,4.5439,2.9656,2.9696,2.9781,3.0178,2.9865,3.0166,3.0055,3.0285,2.9831,3.0104,3.0127,79.6123,104.2183,1736863.61456706,4.70690039547673,2045163.75,434503.299021449
13,3.0285,3.0416,2.9912,3.0355,4.514,4.5477,3.0084,2.9701,2.9798,3.0256,3.0275,2.9674,2.9721,2.9959,2.9908,2.9921,2.9575,80.2481,105.4665,1740794.65012511,4.71755350183905,2019285.5,428036.587017576
14,3.0384,3.0031,3.0349,2.9794,4.5163,4.5128,2.9942,2.9762,2.9872,2.9701,3.0132,2.9781,2.988,3.026,3.0252,3.0102,2.9872,80.8118,104.6079,1740140.90647656,4.71578185655147,2026313.25,429687.655544311
15,2.9945,3.0348,3.0037,2.9809,4.5318,4.4843,3.0132,2.9632,3.0456,3.0017,3.0121,3.0217,2.9508,3.0157,2.9673,2.9766,2.9711,79.2774,105.2227,1737898.60283864,4.70970521369271,2020773.75,429065.866824303
16,3.0174,2.9903,2.9836,2.971,4.4742,4.4901,2.9933,2.992,2.9946,3.041,2.9641,3.0191,3.0254,2.953,3.0287,3.0136,3.0353,79.4002,104.845,1733992.99137696,4.69912100663157,2048610.0,435956.000517741
17,3.0266,3.0266,2.9779,2.9619,4.5139,4.4818,2.9723,2.9954,2.9969,3.0454,2.965,2.9552,2.9805,2.9973,3.0227,2.9808,2.9608,79.0212,104.8608,1732900.8816236,4.69616138919996,2036378.625,433626.201536255
18,3.0155,3.0284,2.995,3.0168,4.5099,4.5119,2.9964,2.9961,2.9549,2.9642,2.9788,2.9537,3.0431,3.025,3.0214,2.9713,2.9935,80.6362,105.3926,1738434.91461714,4.71115861861244,2025266.0,429887.032883748
19,2.9911,3.0393,3.0482,2.977,4.5461,4.4682,2.9897,2.9823,3.0335,2.9761,2.9972,2.9961,2.9536,2.9888,2.9681,3.0234,2.9576,79.2398,104.6801,1739401.50757346,4.71377808552408,2041098.75,433006.966591867
20,2.9939,3.003,3.0186,2.9884,4.4887,4.4802,2.9782,2.9591,2.9736,2.9543,3.0098,2.9775,3.0146,3.0376,2.9654,3.0404,3.0378,79.7874,104.9905,1734401.86876961,4.70022906436565,2021852.25,430160.365018906
21,2.9601,3.0284,3.0027,2.962,4.5172,4.5394,2.9874,3.0398,3.0135,2.9741,2.9547,2.9949,2.9609,2.993,2.9892,2.9557,3.0385,80.2783,105.8918,1740038.42109561,4.7155041211691,2009067.125,426055.639731241
22,2.9753,2.9585,2.9519,3.0027,4.501,4.4535,3.0046,2.9978,3.032,3.0121,2.9973,3.0426,2.9782,2.9629,3.003,2.9554,2.9803,79.7275,105.0235,1729227.98764574,4.68620784651997,2027947.875,432748.171105124
23,2.9805,3.0169,2.9784,2.9862,4.4653,4.4826,3.0247,2.9516,2.9738,2.9975,3.0014,3.0445,3.0191,3.0428,3.0439,3.0374,2.9782,80.5099,105.4272,1734468.07493913,4.70040848308504,0.0,0.0
24,2.971,2.966,3.0314,2.9645,4.5067,4.4678,3.0128,3.0428,3.0289,2.9573,3.0222,2.9757,2.9618,3.0023,2.9923,2.9579,2.9641,80.6877,104.1329,1735684.71893847,4.70370558832324,2021368.75,429739.64080957
25,2.9836,2.9841,3.0404,3.0159,4.4735,4.5177,2.9634,2.9744,3.0122,2.9877,2.9929,2.9807,3.0046,3.0042,2.9933,2.9652,3.0189,80.5468,104.7652,1736504.85781629,4.70592816468215,1997200.125,424400.895021927
26,2.9837,3.0165,3.0183,2.9952,4.5209,4.4776,3.0137,3.0173,2.9551,2.9654,3.0299,2.9568,2.9535,3.0381,2.9592,3.0259,3.0469,80.1609,104.3443,1739059.61335582,4.71285155219426,0.0,0.0
27,2.9949,3.0379,3.0239,3.006,4.4599,4.466,2.9905,3.0025,2.9651,3.0258,3.0188,2.9626,2.9999,3.0029,2.9781,2.9804,3.0173,80.2176,104.2859,1735851.65327348,4.70415798037113,1977518.5,420376.719542907
28,2.996,2.9651,3.0416,3.0137,4.522,4.539,3.033,3.0109,3.0016,3.0074,3.0053,3.0321,2.9871,2.998,3.0067,2.992,2.9564,79.1002,105.5887,1741147.4405379,4.71850956385771,1994264.25,422647.071709981
29,2.9621,3.0357,3.0253,2.967,4.5469,4.5062,2.9569,2.9538,2.9912,3.0301,3.0099,3.0034,3.0476,2.98,2.9801,3.018,3.0157,79.1874,104.8512,1739570.8332605,4.71423695813596,1981082.75,420234.020392418
30,2.9642,2.9878,3.0289,3.0481,4.4645,4.4724,2.9566,3.0417,2.9514,2.9734,3.0218,2.9806,2.9908,3.0391,3.0303,3.0073,3.0148,79.5211,104.3748,1734811.03196658,4.70133789662942,2066542.75,439564.820788905
31,2.9555,2.9549,2.9539,3.026,4.4838,4.4761,3.0153,2.9706,2.9847,2.9675,2.9646,3.0211,3.0254,3.0457,2.9926,3.0156,2.9765,79.7892,104.5779,1729354.53548275,4.68655079115824,2080027.5,443829.074449428
32,2.9936,3.0239,2.963,3.0137,4.5368,4.5001,2.9848,2.9804,3.0469,2.9786,3.0234,2.9969,3.045,2.9538,2.9507,3.0175,3.002,80.7157,104.0826,1740337.63129292,4.71631498080382,2046733.125,433968.709327206
33,3.03,3.0133,3.0442,2.9946,4.453,4.4503,3.0339,2.9818,3.0403,2.955,3.0499,2.9956,3.0257,3.0355,3.0005,3.0396,2.961,79.8771,104.1605,1738904.83732682,4.71243210915567,2007971.625,426100.913177881
34,3.0092,3.026,3.0394,2.9664,4.5394,4.5174,2.98,2.9716,3.0278,3.0133,3.0459,3.0211,3.0138,2.9805,2.9602,2.9823,3.005,80.4727,105.834,1742769.51804983,4.72290539391505,1966818.75,416442.546686206
35,2.9747,2.9699,2.9565,3.0331,4.5469,4.5396,2.9995,3.0386,3.0123,2.9802,2.9971,3.0168,2.9858,3.0053,2.9653,2.9699,3.0179,80.0685,104.6027,1739629.61313615,4.71439625159897,1991472.75,422423.708937185
36,3.005,2.951,2.9765,2.9617,4.4689,4.5299,2.992,3.0383,3.0074,3.0358,2.9678,3.0411,2.967,3.0426,3.0086,3.0477,2.966,80.0244,105.628,1734402.30071822,4.70023023494638,1996584.75,424784.457398559
37,2.9756,3.0164,2.9855,3.0184,4.5108,4.503,2.9611,3.042,3.0476,2.981,3.0442,3.0237,3.0301,3.0472,3.0229,2.9759,3.0304,80.0244,104.208,1743044.73699128,4.72365123724638,2013818.75,426326.722455899
38,3.0245,2.9546,2.9882,3.0355,4.5446,4.4559,3.0484,3.0243,2.9704,2.965,2.9563,2.9722,3.025,2.9823,2.9679,3.0153,3.0278,79.0878,104.1124,1736175.8481681,4.70503654853556,2009311.5,427055.449893454
39,3.0229,2.9524,2.9969,3.0265,4.54,4.5162,2.9988,3.0371,3.0306,2.9684,3.0199,2.9721,2.9787,3.0458,2.9587,3.0317,2.9689,80.644,104.6812,1741009.41495125,4.71813551451788,1963230.875,416103.112968897
40,2.9869,2.9814,2.9603,3.0096,4.5251,4.4595,2.9514,3.0301,3.0247,3.0246,2.9811,2.9695,2.9592,3.0256,3.0262,3.0284,3.029,79.9639,104.3325,1735062.79819917,4.70202018311975,2031901.625,432133.752274081
41,3.0004,2.9826,2.9945,3.0316,4.4689,4.4869,2.9976,3.0423,2.9756,3.0329,3.0001,3.0176,3.0134,2.9906,3.021,3.0024,2.9764,79.9613,104.3026,1736032.44489584,4.70464792566772,2038230.5,433237.626322637
42,3.0091,2.9634,2.9646,3.0317,4.4911,4.4543,3.0296,3.0336,3.0496,3.0123,3.0048,2.9669,2.951,2.9974,3.0031,2.9925,2.9801,80.7104,105.1164,1734902.55132861,4.70158591410053,2054211.875,436918.927470668
43,3.0009,3.0226,3.0102,2.9606,4.4799,4.4976,2.9947,2.9829,3.0366,3.0099,2.9562,2.9787,3.0286,3.015,3.0419,2.9919,2.9908,79.1629,105.7554,1736847.39890479,4.70685645103197,1981606.5,421004.235122899
44,2.9814,3.0465,2.9504,2.9538,4.527,4.5053,2.9862,2.977,2.9881,3.0395,2.9651,3.0121,2.9808,3.0431,3.0101,2.9721,2.9787,79.1075,105.623,1734078.56376921,4.69935290781457,2024447.75,430792.875043187
45,3.0121,2.9501,2.9843,3.0454,4.4739,4.457,3.0155,3.0134,3.0342,3.0429,2.9799,3.0281,2.9765,3.0362,2.9933,2.9642,3.0489,79.6404,104.6609,1734725.18680141,4.70110525623183,2015132.75,428650.847017033
46,2.9785,3.0119,2.9779,2.9683,4.5174,4.5226,3.0288,2.9673,2.9978,3.0092,2.9647,2.9527,2.9993,3.049,3.0351,2.9974,2.9926,79.4682,105.9197,1737044.63314888,4.70739095583346,0.0,0.0
47,3.0306,2.9951,3.0157,2.9604,4.5267,4.4695,3.0369,2.9958,3.0032,2.9913,3.0077,3.0477,3.0006,3.0255,3.0289,2.9697,2.9902,80.3675,105.1785,1739042.00372688,4.71280383009984,2021102.25,428853.464489988
48,3.0195,2.9952,3.0062,2.962,4.4922,4.4702,2.9653,3.0137,3.0347,3.0267,2.9561,2.9981,3.0026,3.0181,3.0235,2.9727,3.0262,79.2117,105.0864,1734965.33646693,4.70175606182538,1997759.875,424896.538384937
49,3.0247,3.0449,2.9918,3.0108,4.4872,4.4929,3.0413,2.953,2.9828,2.9843,3.0161,3.0121,3.0277,3.0271,3.0045,3.0265,2.9589,79.7284,105.5208,1738332.1992438,4.71088025995069,2025906.375,430048.369563358
50,2.963,2.9875,2.9603,2.9676,4.5329,4.5247,2.9836,3.0005,2.9663,3.0409,2.9997,2.9961,3.0117,3.0377,3.0398,3.0163,2.9769,79.0866,104.9766,1735313.0372939,4.70269833106647,2121043.5,451026.910654291
51,3.0377,2.9606,2.9715,2.9697,4.4753,4.4826,2.9912,2.9719,2.9728,2.9864,2.9926,3.0041,3.0057,2.9834,3.0104,2.9749,2.9588,80.7203,104.8984,1727633.41220166,4.6818865470665,2042401.5,436234.727063109
52,3.0373,3.0332,3.0283,3.0363,4.5483,4.5447,2.9793,3.0431,2.9815,2.9879,3.0207,2.9946,2.9952,2.9687,3.018,2.9877,2.965,80.9338,104.3445,1746964.05757856,4.73427259603789,2040817.875,431073.16564491
53,2.9648,2.9706,3.0454,3.0053,4.5285,4.5411,3.0461,2.9614,2.9733,2.9674,3.0054,3.0053,2.9633,3.0447,2.9872,2.9896,2.9721,79.6382,104.1893,1739379.94854847,4.71371966056634,2014984.875,427472.361552767
54,2.9633,3.0217,2.9665,2.9571,4.4795,4.535,2.9931,2.9883,3.0138,3.0177,3.0131,2.9517,3.0416,2.9777,2.9974,3.0135,2.9517,80.4759,104.1859,1736111.33332889,4.70486171332128,0.0,0.0
55,2.9793,3.0048,2.9982,2.999,4.4815,4.5412,2.9964,3.0013,3.0268,2.9678,3.0216,3.0451,2.9943,2.9541,3.0153,2.9961,3.0013,79.8361,104.4074,1739187.09458878,4.71319702633559,1987076.0,421598.331004827
56,2.9709,2.9979,2.9693,2.9751,4.5041,4.5378,2.9913,2.9578,3.0118,3.0135,2.9804,2.9927,2.9889,2.9535,3.0186,2.9756,3.0102,79.1339,105.5978,1733443.71846258,4.69763247703358,2036472.75,433510.445944033
57,3.0329,2.9561,3.0045,3.0035,4.5291,4.4811,3.0015,2.9617,2.9911,2.9543,2.9698,3.0475,2.974,2.987,2.9567,2.9669,3.0279,79.1622,104.406,1732037.49866011,4.69382162136889,2031718.0,432849.427159841
58,3.0296,3.0124,2.9801,2.9695,4.5296,4.4856,2.9661,3.0053,2.9938,2.9627,2.9638,3.0441,2.9558,3.0263,3.0464,2.9523,2.9788,79.2108,104.9197,1733313.61839805,4.69727990585872,1996180.875,424965.280972557
59,3.0148,2.996,2.9623,2.9568,4.5171,4.4507,2.9539,3.0369,2.9535,2.9747,2.9583,3.0172,3.0185,3.0163,2.9989,2.982,2.9522,79.5001,104.1577,1728404.05992788,4.68397500240456,2007949.25,428684.877474624
60,3.0303,2.9588,3.0074,3.0403,4.5133,4.4512,2.9541,3.0174,2.992,3.0206,3.0256,2.971,2.9756,3.0083,3.0211,3.0034,2.9616,79.5953,104.3903,1733131.05754651,4.69678516595105,2047987.75,436040.329212141
61,2.9598,3.0222,2.9822,3.045,4.4732,4.5203,3.0291,2.9545,3.0429,3.0373,2.9864,2.9616,2.9795,3.0164,3.0183,2.97,3.0044,80.1436,104.687,1738854.57593212,4.71229590077605,1989282.375,422147.169211592
62,2.9623,2.9551,2.9925,3.0121,4.4539,4.5052,2.9512,2.9857,2.9962,2.9588,2.9581,3.0137,3.04,3.0058,3.0047,2.9803,2.9689,79.7663,104.774,1728298.47082875,4.68368885594592,2041109.5,435791.010628048
63,2.9849,3.0434,3.0038,3.0422,4.5164,4.4654,2.9974,2.9579,3.001,2.9795,3.0035,3.0103,3.0287,2.9796,2.983,2.9863,2.9667,79.9909,104.813,1737143.70789277,4.7076594483894,2034197.625,432103.818744992
64,3.0181,3.0157,3.0128,2.9525,4.5191,4.5079,2.9578,2.9548,3.0213,2.9733,3.014,3.039,2.9831,2.9857,3.0325,3.0274,2.9737,80.6046,105.8774,1737130.20719471,4.70762286149768,2009163.625,426789.41880251
65,3.0492,3.0025,3.0183,2.9651,4.4637,4.4684,3.0359,2.97,3.0253,2.9612,3.0197,3.0167,3.0107,3.0411,2.9896,3.0202,3.0307,79.5009,104.577,1737201.23166275,4.70781533780605,2040755.375,433482.460242597
66,3.038,3.009,3.0317,2.9501,4.4662,4.5265,2.965,2.9771,3.0474,2.97,3.0454,2.9593,2.9909,3.0258,2.9801,3.0365,3.0227,79.4343,104.6371,1738718.53712544,4.71192723560994,1986223.375,421530.994788991
67,2.9604,3.0108,2.9549,2.9923,4.463,4.481,2.9894,3.0487,2.9669,3.0023,2.9581,2.9991,2.9905,2.9885,3.0385,3.0445,3.0457,79.8771,105.7428,1733504.15823456,4.69779626881565,2056213.0,437697.3547468
68,2.9828,3.0171,3.0267,3.0357,4.4664,4.5437,2.9721,3.0446,2.9596,3.0264,3.013,3.0483,2.9875,2.9657,2.9782,2.9644,3.0036,79.2527,105.4725,1738676.40710304,4.71181306324923,1994427.5,423282.39113643
69,2.9905,3.0262,3.0163,2.9806,4.5328,4.4601,3.0155,3.0285,2.9713,2.9946,2.9994,2.9524,2.9572,3.0213,3.0406,3.0029,2.9996,80.3991,105.7117,1739047.21965062,4.71281796525317,2036094.375,432033.316374998
70,3.0344,3.0436,3.049,3.0004,4.5185,4.4951,3.0429,2.9865,2.9802,2.9697,3.0188,3.0333,2.9698,2.952,2.9922,3.0152,3.0284,79.0759,105.3418,1742845.93955624,4.7231124961974,2023937.125,428517.662162288
71,3.0291,2.9687,2.9816,3.0387,4.5035,4.5245,3.0164,2.9637,2.9589,3.0381,2.9601,2.9654,3.0404,3.0249,3.0281,3.013,3.0427,80.899,104.4447,1738780.44756672,4.7120950129058,0.0,0.0
72,2.9585,2.9711,3.0488,3.0253,4.4595,4.5446,3.0498,3.0244,3.0473,3.0108,2.9986,2.9847,3.035,3.0353,3.0069,2.9587,2.9524,79.9523,105.0727,1742700.74428949,4.72271901702452,1977644.5,418751.251740991
73,3.0059,3.0229,2.9687,3.0434,4.5458,4.4549,3.0319,3.0227,2.9817,2.9736,2.989,2.9823,3.0169,3.0419,3.0056,2.9891,3.0265,80.0998,105.5391,1740262.53690864,4.71611147502241,2032513.0,430972.213181272
74,3.0294,3.0071,2.9847,3.0039,4.516,4.5148,2.9529,2.9956,3.0348,3.0394,2.9532,2.9768,3.0077,3.0095,3.032,2.9569,3.002,80.3754,105.063,1738295.28700072,4.71078022777195,1988710.75,422161.649205316
75,2.9658,2.9998,3.0466,3.008,4.5004,4.4938,2.9888,3.0031,3.0428,3.0168,3.0099,2.9887,3.0193,2.9802,3.0433,3.0164,2.9616,79.1402,104.5518,1740607.41284509,4.71704608881021,2053384.5,435311.519400043
76,3.0267,3.022,3.0045,3.0099,4.4963,4.4899,3.0257,2.9888,2.9954,3.0268,2.9652,2.9583,2.9634,3.0303,2.9847,2.9506,3.0309,80.5372,105.6871,1738062.96375793,4.71015063178398,1979931.875,420354.258235282
77,3.0409,2.9648,2.9957,3.0126,4.5291,4.478,2.977,3.049,3.0099,3.0438,3.0202,3.0138,2.9507,2.9635,2.9806,2.9579,2.9505,80.0362,105.0973,1735072.33289827,4.70204602215431,2023183.75,430277.317675647
78,2.9642,3.038,3.027,3.0304,4.4597,4.5215,2.9951,2.9596,3.0021,2.9985,3.0348,3.0109,3.0165,3.0009,2.9573,2.9512,2.9897,79.0138,104.4151,1737045.45095275,4.70739317208195,2014241.375,427888.918849146
79,2.9752,3.0164,3.0129,3.0262,4.5236,4.4986,3.0159,3.0146,3.024,3.0011,3.0178,3.0082,3.0456,2.9699,2.9566,2.9911,2.962,80.716,104.0459,1742699.18026944,4.72271477853018,0.0,0.0
80,2.9798,3.0263,2.9703,2.9651,4.5301,4.5255,3.0225,2.984,2.9563,2.975,3.0259,3.0256,3.021,2.9709,3.0457,3.0268,3.0182,80.2688,105.281,1739672.59903632,4.71451274338844,2012508.875,426875.264643692
81,2.9989,2.9815,2.9572,2.9858,4.5393,4.4603,3.0319,3.0223,2.9737,2.968,2.9515,3.0262,3.0063,2.9828,3.016,3.0481,2.9769,80.3035,104.3519,1734889.9850259,4.70155185942019,2014251.625,428422.717695686
82,2.9572,2.9837,3.0364,3.0055,4.5174,4.529,3.003,3.0056,2.9666,2.9769,2.9614,3.0324,3.0397,2.9844,3.0337,2.9916,3.0497,79.5414,105.3528,1740619.89631722,4.71707991901968,2025113.375,429315.044427076
83,3.0498,2.9582,3.0021,3.0343,4.5498,4.5309,3.0488,3.0496,3.0057,3.0233,2.953,3.0495,3.0151,2.9987,3.0383,3.041,3.0223,80.8749,104.1971,1748357.07499243,4.73804767322947,2031016.75,428661.104757447
84,3.0297,3.0157,2.9607,2.9845,4.4694,4.462,3.0493,3.0389,3.0461,2.9934,3.0195,3.008,2.9939,3.0297,3.0331,2.9871,3.0136,80.8625,104.0952,1739749.73307108,4.71472177662263,2005243.125,425315.261431279
85,2.9822,3.0221,3.0394,3.0354,4.5151,4.4716,3.0071,3.0086,2.9661,2.9578,3.0414,3.0098,2.966,2.9634,3.0074,3.0494,2.9516,79.5054,104.5138,1738752.92499174,4.71202042672761,0.0,0.0
86,3.0463,2.9794,2.9858,3.0215,4.4663,4.5003,3.012,3.0453,3.0099,3.0029,3.0187,3.0333,3.0126,3.0103,3.0482,3.0185,3.0287,79.3926,104.1856,1739988.57396711,4.71536903545086,2040159.0,432661.576360572
87,3.0028,2.9874,2.9563,3.0134,4.487,4.4926,3.0016,3.0334,2.9727,2.995,3.0255,2.9717,3.0058,3.0213,3.0065,3.0106,3.0438,79.0811,104.7509,1735144.00036637,4.70224024099285,2034616.625,432690.913420962
88,3.0065,2.9667,3.0318,3.0174,4.5131,4.5465,2.9796,2.9537,2.9738,3.0485,3.0034,2.9927,2.9626,2.9634,3.0112,2.9678,2.9782,80.3414,105.3229,1736097.84530411,4.70482516077415,2068354.5,439624.094269141
89,2.9516,3.0494,2.9652,2.9635,4.5402,4.4577,2.9621,2.9787,3.0178,2.9744,3.0321,2.9847,2.9739,2.9979,2.9541,3.0252,3.0427,79.6671,104.3907,1735275.42082389,4.70259639043275,2020048.5,429560.254014082
90,2.9518,2.9741,3.0122,3.0137,4.5402,4.4627,2.9535,3.0438,3.0061,3.0206,2.9733,2.981,3.0385,3.0293,2.9825,3.0388,3.0469,80.679,104.1143,1740284.77196177,4.7161717320164,2030069.625,430448.622389762
91,2.9874,3.0415,3.0139,2.9542,4.5241,4.5483,3.015,2.9843,3.0378,2.96,3.0175,2.9767,3.045,3.0167,2.9655,2.987,2.9857,79.5947,104.4935,1743578.19365764,4.7250969048122,1996803.125,422595.168993548
92,3.0366,2.9514,3.0065,2.9923,4.5214,4.5217,3.0206,3.02,2.987,3.0265,2.974,3.011,3.0403,2.9636,2.9788,2.9908,3.0115,80.1157,104.4142,1739172.69771137,4.71315801079781,2041844.5,433222.161302921
93,2.966,3.0161,3.0258,2.952,4.466,4.4511,2.9571,3.0028,2.9566,3.0165,2.9853,2.9672,2.9941,2.9942,2.9888,3.018,2.9553,79.2997,105.7775,1728300.08963782,4.68369324291849,2041628.5,435901.412434908
94,2.9904,3.0223,2.9845,2.9722,4.5309,4.5265,2.9839,2.9946,3.0035,2.9653,3.0491,3.0338,2.9529,3.0329,2.9565,2.9622,2.9553,79.1782,105.3034,1735994.31457167,4.70454459248924,1997002.875,424483.780680535
95,2.9558,3.0462,3.0366,3.0061,4.5389,4.5076,2.9894,2.9635,3.0155,2.986,3.038,2.9633,2.9561,3.0224,3.0462,2.951,3.0491,79.005,105.6991,1742010.71886525,4.72084904812482,1993748.875,422328.452927751
96,3.0498,3.0443,3.0481,3.0209,4.5034,4.5131,3.0314,2.9733,2.9674,3.0186,3.0231,3.0059,2.9828,3.0087,3.0266,2.9843,2.9765,79.5041,104.364,1743071.1316725,4.72372276683249,2028959.875,429525.604094782
97,2.9845,2.958,2.9602,2.979,4.5077,4.455,3.0141,2.9707,2.9777,3.0192,3.011,3.0468,3.0258,2.9878,3.0458,2.9686,3.0401,79.1541,104.56,1730417.13681706,4.68943044077422,2065236.125,440402.336932634
98,2.9929,2.9608,2.9696,3.022,4.5253,4.5495,2.9808,3.0082,2.9577,2.9712,3.0419,2.952,3.0215,2.9521,3.048,2.9836,2.9503,80.331,105.3323,1734976.71966728,4.70178691029834,2050516.375,436114.271897084
99,3.0069,3.031,2.9815,2.9574,4.5097,4.5193,2.9813,3.0094,3.0122,2.9827,3.0379,3.043,3.048,2.9699,3.0129,2.9633,2.9947,80.9571,105.3518,1739896.94708165,4.71512072659128,2019177.75,428234.581272266
100,3.0441,3.0397,3.0434,3.036,4.4769,4.4607,2.9998,3.0384,2.9855,2.9822,3.0413,2.9686,2.98,3.0334,3.046,3.0358,2.9997,79.9548,104.6034,1742685.62358045,4.72267803990302,2035678.375,431043.225432705
